dataset,algorithm,seed,is_deterministic,runtime_seconds,params,warnings,rand_index_value,rand_index_status,rand_index_notes,adjusted_rand_index_value,adjusted_rand_index_status,adjusted_rand_index_notes,compactness_value,compactness_status,compactness_notes,dunn_index_value,dunn_index_status,dunn_index_notes,silhouette_value,silhouette_status,silhouette_notes
overlap3d_w0.1,spectral,0,False,2.1333460999885574,"{""n_clusters"": 5, ""seed"": 0}",,1.0,ok,,1.0,ok,,0.499827171835587,ok,,1.9524709687151407,ok,,0.9624055650133904,ok,
overlap3d_w0.1,spectral,1,False,0.039007200044579804,"{""n_clusters"": 5, ""seed"": 1}",,1.0,ok,,1.0,ok,,0.499827171835587,ok,,1.9524709687151407,ok,,0.9624055650133904,ok,
overlap3d_w0.1,spectral,2,False,0.03949379996629432,"{""n_clusters"": 5, ""seed"": 2}",,1.0,ok,,1.0,ok,,0.499827171835587,ok,,1.9524709687151407,ok,,0.9624055650133904,ok,
overlap3d_w0.1,spectral,3,False,0.03778579999925569,"{""n_clusters"": 5, ""seed"": 3}",,1.0,ok,,1.0,ok,,0.499827171835587,ok,,1.9524709687151407,ok,,0.9624055650133904,ok,
overlap3d_w0.1,spectral,4,False,0.03688900003908202,"{""n_clusters"": 5, ""seed"": 4}",,1.0,ok,,1.0,ok,,0.499827171835587,ok,,1.9524709687151407,ok,,0.9624055650133904,ok,
overlap3d_w0.1,spectral,5,False,0.038818600005470216,"{""n_clusters"": 5, ""seed"": 5}",,1.0,ok,,1.0,ok,,0.499827171835587,ok,,1.9524709687151407,ok,,0.9624055650133904,ok,
overlap3d_w0.1,spectral,6,False,0.039424799964763224,"{""n_clusters"": 5, ""seed"": 6}",,1.0,ok,,1.0,ok,,0.499827171835587,ok,,1.9524709687151407,ok,,0.9624055650133904,ok,
overlap3d_w0.1,spectral,7,False,0.03699170000618324,"{""n_clusters"": 5, ""seed"": 7}",,1.0,ok,,1.0,ok,,0.499827171835587,ok,,1.9524709687151407,ok,,0.9624055650133904,ok,
overlap3d_w0.1,spectral,8,False,0.03747160005150363,"{""n_clusters"": 5, ""seed"": 8}",,1.0,ok,,1.0,ok,,0.499827171835587,ok,,1.9524709687151407,ok,,0.9624055650133904,ok,
overlap3d_w0.1,spectral,9,False,0.03772209997987375,"{""n_clusters"": 5, ""seed"": 9}",,1.0,ok,,1.0,ok,,0.499827171835587,ok,,1.9524709687151407,ok,,0.9624055650133904,ok,
overlap3d_w0.1,gmm,0,False,0.011461600020993501,"{""n_clusters"": 5, ""seed"": 0}",,1.0,ok,,1.0,ok,,0.499827171835587,ok,,1.9524709687151407,ok,,0.9624055650133904,ok,
overlap3d_w0.1,gmm,1,False,0.010875099978875369,"{""n_clusters"": 5, ""seed"": 1}",,1.0,ok,,1.0,ok,,0.499827171835587,ok,,1.9524709687151407,ok,,0.9624055650133904,ok,
overlap3d_w0.1,gmm,2,False,0.010615799983497709,"{""n_clusters"": 5, ""seed"": 2}",,1.0,ok,,1.0,ok,,0.499827171835587,ok,,1.9524709687151407,ok,,0.9624055650133904,ok,
overlap3d_w0.1,gmm,3,False,0.009678100002929568,"{""n_clusters"": 5, ""seed"": 3}",,1.0,ok,,1.0,ok,,0.499827171835587,ok,,1.9524709687151407,ok,,0.9624055650133904,ok,
overlap3d_w0.1,gmm,4,False,0.010990799986757338,"{""n_clusters"": 5, ""seed"": 4}",,1.0,ok,,1.0,ok,,0.499827171835587,ok,,1.9524709687151407,ok,,0.9624055650133904,ok,
overlap3d_w0.1,gmm,5,False,0.010887200012803078,"{""n_clusters"": 5, ""seed"": 5}",,1.0,ok,,1.0,ok,,0.499827171835587,ok,,1.9524709687151407,ok,,0.9624055650133904,ok,
overlap3d_w0.1,gmm,6,False,0.011153100000228733,"{""n_clusters"": 5, ""seed"": 6}",,1.0,ok,,1.0,ok,,0.499827171835587,ok,,1.9524709687151407,ok,,0.9624055650133904,ok,
overlap3d_w0.1,gmm,7,False,0.010605599964037538,"{""n_clusters"": 5, ""seed"": 7}",,1.0,ok,,1.0,ok,,0.499827171835587,ok,,1.9524709687151407,ok,,0.9624055650133904,ok,
overlap3d_w0.1,gmm,8,False,0.01093580003362149,"{""n_clusters"": 5, ""seed"": 8}",,1.0,ok,,1.0,ok,,0.499827171835587,ok,,1.9524709687151407,ok,,0.9624055650133904,ok,
overlap3d_w0.1,gmm,9,False,0.010980400023981929,"{""n_clusters"": 5, ""seed"": 9}",,1.0,ok,,1.0,ok,,0.499827171835587,ok,,1.9524709687151407,ok,,0.9624055650133904,ok,
overlap3d_w0.1,dbscan,,True,0.0018089000368490815,"{""eps"": 0.08620401132644623, ""min_samples"": 5}","18/60 points labeled noise (-1); found 6 non-noise clusters, requested q=5 not directly comparable (DBSCAN has no cluster-count parameter)",0.8395480225988701,ok,,0.44105677496831014,ok,,0.11751843107981884,ok,18 noise point(s) excluded,0.6817550666889879,ok,18 noise point(s) excluded,0.9241400592108888,ok,18 noise point(s) excluded
overlap3d_w0.1,agglomerative,,True,0.033868499973323196,"{""n_clusters"": 5, ""linkage"": ""average""}",,1.0,ok,,1.0,ok,,0.499827171835587,ok,,1.9524709687151407,ok,,0.9624055650133904,ok,
overlap3d_w0.3,spectral,0,False,0.043796899961307645,"{""n_clusters"": 5, ""seed"": 0}",,0.8853107344632768,ok,,0.6439761005915401,ok,,6.148968528306887,ok,,0.15064903508132457,ok,,0.6336851905078273,ok,
overlap3d_w0.3,spectral,1,False,0.04494759999215603,"{""n_clusters"": 5, ""seed"": 1}",,0.8853107344632768,ok,,0.6439761005915401,ok,,6.148968528306887,ok,,0.15064903508132457,ok,,0.6336851905078273,ok,
overlap3d_w0.3,spectral,2,False,0.04464829998323694,"{""n_clusters"": 5, ""seed"": 2}",,0.8853107344632768,ok,,0.6439761005915401,ok,,6.148968528306887,ok,,0.15064903508132457,ok,,0.6336851905078273,ok,
overlap3d_w0.3,spectral,3,False,0.061691700015217066,"{""n_clusters"": 5, ""seed"": 3}",,0.8853107344632768,ok,,0.6439761005915401,ok,,6.148968528306887,ok,,0.15064903508132457,ok,,0.6336851905078273,ok,
overlap3d_w0.3,spectral,4,False,0.04903049999848008,"{""n_clusters"": 5, ""seed"": 4}",,0.8853107344632768,ok,,0.6439761005915401,ok,,6.148968528306887,ok,,0.15064903508132457,ok,,0.6336851905078273,ok,
overlap3d_w0.3,spectral,5,False,0.052018299989867955,"{""n_clusters"": 5, ""seed"": 5}",,0.8853107344632768,ok,,0.6439761005915401,ok,,6.148968528306887,ok,,0.15064903508132457,ok,,0.6336851905078273,ok,
overlap3d_w0.3,spectral,6,False,0.05130910000298172,"{""n_clusters"": 5, ""seed"": 6}",,0.8853107344632768,ok,,0.6439761005915401,ok,,6.148968528306887,ok,,0.15064903508132457,ok,,0.6336851905078273,ok,
overlap3d_w0.3,spectral,7,False,0.05175660003442317,"{""n_clusters"": 5, ""seed"": 7}",,0.8853107344632768,ok,,0.6439761005915401,ok,,6.148968528306887,ok,,0.15064903508132457,ok,,0.6336851905078273,ok,
overlap3d_w0.3,spectral,8,False,0.04923710000002757,"{""n_clusters"": 5, ""seed"": 8}",,0.8853107344632768,ok,,0.6439761005915401,ok,,6.148968528306887,ok,,0.15064903508132457,ok,,0.6336851905078273,ok,
overlap3d_w0.3,spectral,9,False,0.04822220001369715,"{""n_clusters"": 5, ""seed"": 9}",,0.8853107344632768,ok,,0.6439761005915401,ok,,6.148968528306887,ok,,0.15064903508132457,ok,,0.6336851905078273,ok,
overlap3d_w0.3,gmm,0,False,0.0205335000064224,"{""n_clusters"": 5, ""seed"": 0}",,0.888135593220339,ok,,0.6663239074550128,ok,,7.293088159424396,ok,,0.11620430246192624,ok,,0.552306015690356,ok,
overlap3d_w0.3,gmm,1,False,0.016959300031885505,"{""n_clusters"": 5, ""seed"": 1}",,0.8830508474576271,ok,,0.6254255482287993,ok,,7.025213944887766,ok,,0.09483288341068777,ok,,0.5277156054036493,ok,
overlap3d_w0.3,gmm,2,False,0.021324399975128472,"{""n_clusters"": 5, ""seed"": 2}",,0.8903954802259887,ok,,0.6524986337968304,ok,,6.4964539048298855,ok,,0.12399708797203399,ok,,0.5946071654602195,ok,
overlap3d_w0.3,gmm,3,False,0.01282479998189956,"{""n_clusters"": 5, ""seed"": 3}",,0.8514124293785311,ok,,0.5304850373687555,ok,,6.227462184436028,ok,,0.06861270852389283,ok,,0.6190754784463134,ok,
overlap3d_w0.3,gmm,4,False,0.032489600009284914,"{""n_clusters"": 5, ""seed"": 4}",,0.8163841807909604,ok,,0.4078683259735046,ok,,7.967238181098169,ok,,0.13932350762021015,ok,,0.470318094286827,ok,
overlap3d_w0.3,gmm,5,False,0.02260309999110177,"{""n_clusters"": 5, ""seed"": 5}",,0.8966101694915254,ok,,0.6740331491712707,ok,,6.0381338556156345,ok,,0.22036424085590173,ok,,0.6321248683317467,ok,
overlap3d_w0.3,gmm,6,False,0.014590199978556484,"{""n_clusters"": 5, ""seed"": 6}",,0.9090395480225989,ok,,0.7125782928379074,ok,,6.044598621038004,ok,,0.1603082445467232,ok,,0.6363091600116246,ok,
overlap3d_w0.3,gmm,7,False,0.023119499965105206,"{""n_clusters"": 5, ""seed"": 7}",,0.8966101694915254,ok,,0.6740331491712707,ok,,6.0381338556156345,ok,,0.22036424085590173,ok,,0.6321248683317467,ok,
overlap3d_w0.3,gmm,8,False,0.02079869998851791,"{""n_clusters"": 5, ""seed"": 8}",,0.9045197740112995,ok,,0.6899661080190292,ok,,6.18016763584591,ok,,0.1603082445467232,ok,,0.6122516071848226,ok,
overlap3d_w0.3,gmm,9,False,0.02951640001265332,"{""n_clusters"": 5, ""seed"": 9}",,0.8677966101694915,ok,,0.5827238106752101,ok,,7.352837733056414,ok,,0.07614785966559007,ok,,0.5139536665726421,ok,
overlap3d_w0.3,dbscan,,True,0.0016213000053539872,"{""eps"": 0.28288360549941477, ""min_samples"": 5}","17/60 points labeled noise (-1); found 4 non-noise clusters, requested q=5 not directly comparable (DBSCAN has no cluster-count parameter)",0.7220338983050848,ok,,0.2233934399914388,ok,,4.764604584984984,ok,17 noise point(s) excluded,0.05184172820039394,ok,17 noise point(s) excluded,0.4065035767441902,ok,17 noise point(s) excluded
overlap3d_w0.3,agglomerative,,True,0.000812700018286705,"{""n_clusters"": 5, ""linkage"": ""average""}",,0.8694915254237288,ok,,0.5921781022771477,ok,,5.9663099985575165,ok,,0.2426143392220137,ok,,0.6603589494641803,ok,
ipr_gap7,spectral,0,False,0.04998479998903349,"{""n_clusters"": 2, ""seed"": 0}",,0.5028571428571429,ok,,0.01971025918990826,ok,,13.57127295221139,ok,,0.5453954819621227,ok,,0.513051878490786,ok,
ipr_gap7,spectral,1,False,0.0492515999940224,"{""n_clusters"": 2, ""seed"": 1}",,0.5028571428571429,ok,,0.01971025918990826,ok,,13.57127295221139,ok,,0.5453954819621227,ok,,0.513051878490786,ok,
ipr_gap7,spectral,2,False,0.05113600002368912,"{""n_clusters"": 2, ""seed"": 2}",,0.5028571428571429,ok,,0.01971025918990826,ok,,13.57127295221139,ok,,0.5453954819621227,ok,,0.513051878490786,ok,
ipr_gap7,spectral,3,False,0.05122049996862188,"{""n_clusters"": 2, ""seed"": 3}",,0.5028571428571429,ok,,0.01971025918990826,ok,,13.57127295221139,ok,,0.5453954819621227,ok,,0.513051878490786,ok,
ipr_gap7,spectral,4,False,0.04447480000089854,"{""n_clusters"": 2, ""seed"": 4}",,0.5028571428571429,ok,,0.01971025918990826,ok,,13.57127295221139,ok,,0.5453954819621227,ok,,0.513051878490786,ok,
ipr_gap7,spectral,5,False,0.05082679999759421,"{""n_clusters"": 2, ""seed"": 5}",,0.5028571428571429,ok,,0.01971025918990826,ok,,13.57127295221139,ok,,0.5453954819621227,ok,,0.513051878490786,ok,
ipr_gap7,spectral,6,False,0.05249440000625327,"{""n_clusters"": 2, ""seed"": 6}",,0.5028571428571429,ok,,0.01971025918990826,ok,,13.57127295221139,ok,,0.5453954819621227,ok,,0.513051878490786,ok,
ipr_gap7,spectral,7,False,0.04932990000816062,"{""n_clusters"": 2, ""seed"": 7}",,0.5028571428571429,ok,,0.01971025918990826,ok,,13.57127295221139,ok,,0.5453954819621227,ok,,0.513051878490786,ok,
ipr_gap7,spectral,8,False,0.048191400012001395,"{""n_clusters"": 2, ""seed"": 8}",,0.5028571428571429,ok,,0.01971025918990826,ok,,13.57127295221139,ok,,0.5453954819621227,ok,,0.513051878490786,ok,
ipr_gap7,spectral,9,False,0.048655299993697554,"{""n_clusters"": 2, ""seed"": 9}",,0.5028571428571429,ok,,0.01971025918990826,ok,,13.57127295221139,ok,,0.5453954819621227,ok,,0.513051878490786,ok,
ipr_gap7,gmm,0,False,0.009063099976629019,"{""n_clusters"": 2, ""seed"": 0}",,0.6073469387755102,ok,,0.21876760913520496,ok,,13.576272051243162,ok,,0.4899966499663636,ok,,0.4191817165319609,ok,
ipr_gap7,gmm,1,False,0.00978139997459948,"{""n_clusters"": 2, ""seed"": 1}",,0.5028571428571429,ok,,0.01971025918990826,ok,,14.318344402794065,ok,,0.48849793378817713,ok,,0.39247078057529533,ok,
ipr_gap7,gmm,2,False,0.008997600001748651,"{""n_clusters"": 2, ""seed"": 2}",,0.5028571428571429,ok,,0.01971025918990826,ok,,14.303387672330086,ok,,0.46995639344286466,ok,,0.3782615164423029,ok,
ipr_gap7,gmm,3,False,0.008822400006465614,"{""n_clusters"": 2, ""seed"": 3}",,0.5028571428571429,ok,,0.01971025918990826,ok,,14.303387672330086,ok,,0.46995639344286466,ok,,0.3782615164423029,ok,
ipr_gap7,gmm,4,False,0.011078600015025586,"{""n_clusters"": 2, ""seed"": 4}",,0.5714285714285714,ok,,0.14888337468982635,ok,,13.925881983588269,ok,,0.5019423905261426,ok,,0.42717765685959924,ok,
ipr_gap7,gmm,5,False,0.009238200029358268,"{""n_clusters"": 2, ""seed"": 5}",,0.5028571428571429,ok,,0.01971025918990826,ok,,14.71065128746159,ok,,0.5214186961797661,ok,,0.413017268714821,ok,
ipr_gap7,gmm,6,False,0.01553739997325465,"{""n_clusters"": 2, ""seed"": 6}",,0.5028571428571429,ok,,0.01971025918990826,ok,,14.303387672330086,ok,,0.46995639344286466,ok,,0.3782615164423029,ok,
ipr_gap7,gmm,7,False,0.009399799979291856,"{""n_clusters"": 2, ""seed"": 7}",,0.5028571428571429,ok,,0.01971025918990826,ok,,13.57127295221139,ok,,0.5453954819621227,ok,,0.513051878490786,ok,
ipr_gap7,gmm,8,False,0.01079070003470406,"{""n_clusters"": 2, ""seed"": 8}",,0.5028571428571429,ok,,0.01971025918990826,ok,,13.57127295221139,ok,,0.5453954819621227,ok,,0.513051878490786,ok,
ipr_gap7,gmm,9,False,0.010327900003176183,"{""n_clusters"": 2, ""seed"": 9}",,0.4930612244897959,ok,,0.0032755740443512578,ok,,15.258373977863831,ok,,0.48463197695515464,ok,,0.3359842208375135,ok,
ipr_gap7,dbscan,,True,0.0013209000462666154,"{""eps"": 0.47343054054531497, ""min_samples"": 5}","25/50 points labeled noise (-1); found 1 non-noise clusters, requested q=2 not directly comparable (DBSCAN has no cluster-count parameter)",1.0,ok,,1.0,ok,,0.6423856639764927,ok,25 noise point(s) excluded,,undefined,only 1 real cluster(s) after excluding noise; Dunn Index requires >=2 for an inter-cluster distance. 25 noise point(s) excluded,,undefined,"silhouette requires 2 <= n_clusters <= n_samples-1, got n_clusters=1, n_samples=25. 25 noise point(s) excluded"
ipr_gap7,agglomerative,,True,0.0007099999929778278,"{""n_clusters"": 2, ""linkage"": ""average""}",,0.5028571428571429,ok,,0.01971025918990826,ok,,13.57127295221139,ok,,0.5453954819621227,ok,,0.513051878490786,ok,
ipr_gap1,spectral,0,False,0.051353299990296364,"{""n_clusters"": 2, ""seed"": 0}",,0.5420408163265306,ok,,0.08519418283470323,ok,,9.617607317350327,ok,,0.13148495276428454,ok,,0.2753543303595659,ok,
ipr_gap1,spectral,1,False,0.0523172999965027,"{""n_clusters"": 2, ""seed"": 1}",,0.5420408163265306,ok,,0.08519418283470323,ok,,9.617607317350327,ok,,0.13148495276428454,ok,,0.2753543303595659,ok,
ipr_gap1,spectral,2,False,0.05451159999938682,"{""n_clusters"": 2, ""seed"": 2}",,0.5420408163265306,ok,,0.08519418283470323,ok,,9.617607317350327,ok,,0.13148495276428454,ok,,0.2753543303595659,ok,
ipr_gap1,spectral,3,False,0.04752570000709966,"{""n_clusters"": 2, ""seed"": 3}",,0.5420408163265306,ok,,0.08519418283470323,ok,,9.617607317350327,ok,,0.13148495276428454,ok,,0.2753543303595659,ok,
ipr_gap1,spectral,4,False,0.04553689999738708,"{""n_clusters"": 2, ""seed"": 4}",,0.5420408163265306,ok,,0.08519418283470323,ok,,9.617607317350327,ok,,0.13148495276428454,ok,,0.2753543303595659,ok,
ipr_gap1,spectral,5,False,0.0459815000067465,"{""n_clusters"": 2, ""seed"": 5}",,0.5420408163265306,ok,,0.08519418283470323,ok,,9.617607317350327,ok,,0.13148495276428454,ok,,0.2753543303595659,ok,
ipr_gap1,spectral,6,False,0.04829710000194609,"{""n_clusters"": 2, ""seed"": 6}",,0.5420408163265306,ok,,0.08519418283470323,ok,,9.617607317350327,ok,,0.13148495276428454,ok,,0.2753543303595659,ok,
ipr_gap1,spectral,7,False,0.05534779996378347,"{""n_clusters"": 2, ""seed"": 7}",,0.5420408163265306,ok,,0.08519418283470323,ok,,9.617607317350327,ok,,0.13148495276428454,ok,,0.2753543303595659,ok,
ipr_gap1,spectral,8,False,0.05209300003480166,"{""n_clusters"": 2, ""seed"": 8}",,0.5420408163265306,ok,,0.08519418283470323,ok,,9.617607317350327,ok,,0.13148495276428454,ok,,0.2753543303595659,ok,
ipr_gap1,spectral,9,False,0.0523675000295043,"{""n_clusters"": 2, ""seed"": 9}",,0.5420408163265306,ok,,0.08519418283470323,ok,,9.617607317350327,ok,,0.13148495276428454,ok,,0.2753543303595659,ok,
ipr_gap1,gmm,0,False,0.014462700055446476,"{""n_clusters"": 2, ""seed"": 0}",,0.5420408163265306,ok,,0.0839748075577327,ok,,9.649852097500293,ok,,0.1312985266290854,ok,,0.24310775774918902,ok,
ipr_gap1,gmm,1,False,0.015821299981325865,"{""n_clusters"": 2, ""seed"": 1}",,0.6073469387755102,ok,,0.21648216482164825,ok,,10.1718720339533,ok,,0.19178023976246003,ok,,0.22810050040470936,ok,
ipr_gap1,gmm,2,False,0.018414299993310124,"{""n_clusters"": 2, ""seed"": 2}",,0.529795918367347,ok,,0.06120276742948375,ok,,9.800806307178265,ok,,0.18817519542298353,ok,,0.22889975054787354,ok,
ipr_gap1,gmm,3,False,0.013016799988690764,"{""n_clusters"": 2, ""seed"": 3}",,0.529795918367347,ok,,0.06925207756232692,ok,,10.165621698714173,ok,,0.3302326979762611,ok,,0.3409950467947793,ok,
ipr_gap1,gmm,4,False,0.0131550999940373,"{""n_clusters"": 2, ""seed"": 4}",,0.6073469387755102,ok,,0.21876760913520496,ok,,9.624561753990896,ok,,0.2841279411198134,ok,,0.3809597976660261,ok,
ipr_gap1,gmm,5,False,0.014713299984578043,"{""n_clusters"": 2, ""seed"": 5}",,0.5885714285714285,ok,,0.17855242150079828,ok,,9.687951041359259,ok,,0.195835712102111,ok,,0.30312181874878413,ok,
ipr_gap1,gmm,6,False,0.010893600003328174,"{""n_clusters"": 2, ""seed"": 6}",,0.49714285714285716,ok,,0.009841228185277478,ok,,10.411225930753103,ok,,0.3445181032209039,ok,,0.5264481240555103,ok,
ipr_gap1,gmm,7,False,0.01158009999198839,"{""n_clusters"": 2, ""seed"": 7}",,0.6073469387755102,ok,,0.21876760913520496,ok,,9.624561753990896,ok,,0.2841279411198134,ok,,0.3809597976660261,ok,
ipr_gap1,gmm,8,False,0.010674500023014843,"{""n_clusters"": 2, ""seed"": 8}",,0.5420408163265306,ok,,0.09244280101687076,ok,,10.47836164566866,ok,,0.22707859423476479,ok,,0.2706040223606211,ok,
ipr_gap1,gmm,9,False,0.010181199992075562,"{""n_clusters"": 2, ""seed"": 9}",,0.529795918367347,ok,,0.06925207756232692,ok,,10.165621698714173,ok,,0.3302326979762611,ok,,0.3409950467947793,ok,
ipr_gap1,dbscan,,True,0.0017116000526584685,"{""eps"": 0.39091817203750284, ""min_samples"": 5}","24/50 points labeled noise (-1); found 1 non-noise clusters, requested q=2 not directly comparable (DBSCAN has no cluster-count parameter)",0.96,ok,,0.9199693343555215,ok,,1.8288736725923187,ok,24 noise point(s) excluded,,undefined,only 1 real cluster(s) after excluding noise; Dunn Index requires >=2 for an inter-cluster distance. 24 noise point(s) excluded,,undefined,"silhouette requires 2 <= n_clusters <= n_samples-1, got n_clusters=1, n_samples=26. 24 noise point(s) excluded"
ipr_gap1,agglomerative,,True,0.0008989000343717635,"{""n_clusters"": 2, ""linkage"": ""average""}",,0.4906122448979592,ok,,0.0,ok,,10.126177787638575,ok,,0.7161891827335395,ok,,0.6955675739857989,ok,
iris_full,spectral,0,False,0.053966599982231855,"{""n_clusters"": 3, ""seed"": 0}",,0.814675615212528,ok,,0.580252001964217,ok,,0.5316287563516384,ok,,0.026530617494931585,ok,,0.5442922125874761,ok,
iris_full,spectral,1,False,0.05570249998709187,"{""n_clusters"": 3, ""seed"": 1}",,0.814675615212528,ok,,0.580252001964217,ok,,0.5316287563516384,ok,,0.026530617494931585,ok,,0.5442922125874761,ok,
iris_full,spectral,2,False,0.0531615000218153,"{""n_clusters"": 3, ""seed"": 2}",,0.814675615212528,ok,,0.580252001964217,ok,,0.5316287563516384,ok,,0.026530617494931585,ok,,0.5442922125874761,ok,
iris_full,spectral,3,False,0.052781299978960305,"{""n_clusters"": 3, ""seed"": 3}",,0.814675615212528,ok,,0.580252001964217,ok,,0.5316287563516384,ok,,0.026530617494931585,ok,,0.5442922125874761,ok,
iris_full,spectral,4,False,0.05209740001009777,"{""n_clusters"": 3, ""seed"": 4}",,0.814675615212528,ok,,0.580252001964217,ok,,0.5316287563516384,ok,,0.026530617494931585,ok,,0.5442922125874761,ok,
iris_full,spectral,5,False,0.051600800012238324,"{""n_clusters"": 3, ""seed"": 5}",,0.814675615212528,ok,,0.580252001964217,ok,,0.5316287563516384,ok,,0.026530617494931585,ok,,0.5442922125874761,ok,
iris_full,spectral,6,False,0.053270499978680164,"{""n_clusters"": 3, ""seed"": 6}",,0.814675615212528,ok,,0.580252001964217,ok,,0.5316287563516384,ok,,0.026530617494931585,ok,,0.5442922125874761,ok,
iris_full,spectral,7,False,0.05004140001256019,"{""n_clusters"": 3, ""seed"": 7}",,0.814675615212528,ok,,0.580252001964217,ok,,0.5316287563516384,ok,,0.026530617494931585,ok,,0.5442922125874761,ok,
iris_full,spectral,8,False,0.05397179996361956,"{""n_clusters"": 3, ""seed"": 8}",,0.814675615212528,ok,,0.580252001964217,ok,,0.5316287563516384,ok,,0.026530617494931585,ok,,0.5442922125874761,ok,
iris_full,spectral,9,False,0.05999799998244271,"{""n_clusters"": 3, ""seed"": 9}",,0.814675615212528,ok,,0.580252001964217,ok,,0.5316287563516384,ok,,0.026530617494931585,ok,,0.5442922125874761,ok,
iris_full,gmm,0,False,0.010629399970639497,"{""n_clusters"": 3, ""seed"": 0}",,0.9574944071588367,ok,,0.9038742317748124,ok,,0.32375806303514987,ok,,0.08855192202378623,ok,,0.7471323633571899,ok,
iris_full,gmm,1,False,0.009944899997208267,"{""n_clusters"": 3, ""seed"": 1}",,0.9574944071588367,ok,,0.9038742317748124,ok,,0.32375806303514987,ok,,0.08855192202378623,ok,,0.7471323633571899,ok,
iris_full,gmm,2,False,0.010845300043001771,"{""n_clusters"": 3, ""seed"": 2}",,0.9574944071588367,ok,,0.9038742317748124,ok,,0.32375806303514987,ok,,0.08855192202378623,ok,,0.7471323633571899,ok,
iris_full,gmm,3,False,0.01072239998029545,"{""n_clusters"": 3, ""seed"": 3}",,0.9574944071588367,ok,,0.9038742317748124,ok,,0.32375806303514987,ok,,0.08855192202378623,ok,,0.7471323633571899,ok,
iris_full,gmm,4,False,0.011166400043293834,"{""n_clusters"": 3, ""seed"": 4}",,0.9574944071588367,ok,,0.9038742317748124,ok,,0.32375806303514987,ok,,0.08855192202378623,ok,,0.7471323633571899,ok,
iris_full,gmm,5,False,0.011247800022829324,"{""n_clusters"": 3, ""seed"": 5}",,0.9574944071588367,ok,,0.9038742317748124,ok,,0.32375806303514987,ok,,0.08855192202378623,ok,,0.7471323633571899,ok,
iris_full,gmm,6,False,0.011793200043030083,"{""n_clusters"": 3, ""seed"": 6}",,0.9574944071588367,ok,,0.9038742317748124,ok,,0.32375806303514987,ok,,0.08855192202378623,ok,,0.7471323633571899,ok,
iris_full,gmm,7,False,0.011450999998487532,"{""n_clusters"": 3, ""seed"": 7}",,0.9574944071588367,ok,,0.9038742317748124,ok,,0.32375806303514987,ok,,0.08855192202378623,ok,,0.7471323633571899,ok,
iris_full,gmm,8,False,0.01047939999261871,"{""n_clusters"": 3, ""seed"": 8}",,0.9574944071588367,ok,,0.9038742317748124,ok,,0.32375806303514987,ok,,0.08855192202378623,ok,,0.7471323633571899,ok,
iris_full,gmm,9,False,0.011421500006690621,"{""n_clusters"": 3, ""seed"": 9}",,0.9574944071588367,ok,,0.9038742317748124,ok,,0.32375806303514987,ok,,0.08855192202378623,ok,,0.7471323633571899,ok,
iris_full,dbscan,,True,0.0015773999621160328,"{""eps"": 0.02483389278515009, ""min_samples"": 5}","38/150 points labeled noise (-1); found 4 non-noise clusters, requested q=3 not directly comparable (DBSCAN has no cluster-count parameter)",0.8017897091722596,ok,,0.5130999116296293,ok,,0.11829836834071043,ok,38 noise point(s) excluded,0.27784163449710936,ok,38 noise point(s) excluded,0.7753742627203966,ok,38 noise point(s) excluded
iris_full,agglomerative,,True,0.001067899982444942,"{""n_clusters"": 3, ""linkage"": ""average""}",,0.7719015659955257,ok,,0.5583714437541352,ok,,0.5384748335411818,ok,,0.2968409224286278,ok,,0.8632472856997964,ok,
iris_reduced,spectral,0,False,0.06079930003033951,"{""n_clusters"": 3, ""seed"": 0}",,0.8696196868008949,ok,,0.708897354514382,ok,,0.3453675935112886,ok,,0.0243678676654003,ok,,0.6191414303592327,ok,
iris_reduced,spectral,1,False,0.05858990002889186,"{""n_clusters"": 3, ""seed"": 1}",,0.8696196868008949,ok,,0.708897354514382,ok,,0.34536759351128854,ok,,0.0243678676654003,ok,,0.6191414303592327,ok,
iris_reduced,spectral,2,False,0.06495080003514886,"{""n_clusters"": 3, ""seed"": 2}",,0.8696196868008949,ok,,0.708897354514382,ok,,0.34536759351128854,ok,,0.0243678676654003,ok,,0.6191414303592327,ok,
iris_reduced,spectral,3,False,0.0580375999561511,"{""n_clusters"": 3, ""seed"": 3}",,0.8696196868008949,ok,,0.708897354514382,ok,,0.3453675935112886,ok,,0.0243678676654003,ok,,0.6191414303592327,ok,
iris_reduced,spectral,4,False,0.06042030005482957,"{""n_clusters"": 3, ""seed"": 4}",,0.8696196868008949,ok,,0.708897354514382,ok,,0.3453675935112886,ok,,0.0243678676654003,ok,,0.6191414303592327,ok,
iris_reduced,spectral,5,False,0.05695990001549944,"{""n_clusters"": 3, ""seed"": 5}",,0.8696196868008949,ok,,0.708897354514382,ok,,0.34536759351128854,ok,,0.0243678676654003,ok,,0.6191414303592327,ok,
iris_reduced,spectral,6,False,0.05831839999882504,"{""n_clusters"": 3, ""seed"": 6}",,0.8696196868008949,ok,,0.708897354514382,ok,,0.34536759351128854,ok,,0.0243678676654003,ok,,0.6191414303592327,ok,
iris_reduced,spectral,7,False,0.06034869997529313,"{""n_clusters"": 3, ""seed"": 7}",,0.8696196868008949,ok,,0.708897354514382,ok,,0.34536759351128854,ok,,0.0243678676654003,ok,,0.6191414303592327,ok,
iris_reduced,spectral,8,False,0.06398740003351122,"{""n_clusters"": 3, ""seed"": 8}",,0.8696196868008949,ok,,0.708897354514382,ok,,0.34536759351128854,ok,,0.0243678676654003,ok,,0.6191414303592327,ok,
iris_reduced,spectral,9,False,0.05769049999071285,"{""n_clusters"": 3, ""seed"": 9}",,0.8696196868008949,ok,,0.708897354514382,ok,,0.34536759351128854,ok,,0.0243678676654003,ok,,0.6191414303592327,ok,
iris_reduced,gmm,0,False,0.014775199990253896,"{""n_clusters"": 3, ""seed"": 0}",,0.9495302013422818,ok,,0.8859501978730681,ok,,0.20069421550597474,ok,,0.06488645323762053,ok,,0.8080249537700238,ok,
iris_reduced,gmm,1,False,0.016666000010445714,"{""n_clusters"": 3, ""seed"": 1}",,0.9495302013422818,ok,,0.8859501978730681,ok,,0.20069421550597474,ok,,0.06488645323762053,ok,,0.8080249537700238,ok,
iris_reduced,gmm,2,False,0.015879000013228506,"{""n_clusters"": 3, ""seed"": 2}",,0.9495302013422818,ok,,0.8859501978730681,ok,,0.20069421550597474,ok,,0.06488645323762053,ok,,0.8080249537700238,ok,
iris_reduced,gmm,3,False,0.015987000020686537,"{""n_clusters"": 3, ""seed"": 3}",,0.9495302013422818,ok,,0.8859501978730681,ok,,0.20069421550597474,ok,,0.06488645323762053,ok,,0.8080249537700238,ok,
iris_reduced,gmm,4,False,0.015424000041093677,"{""n_clusters"": 3, ""seed"": 4}",,0.9495302013422818,ok,,0.8859501978730681,ok,,0.20069421550597474,ok,,0.06488645323762053,ok,,0.8080249537700238,ok,
iris_reduced,gmm,5,False,0.016552200017031282,"{""n_clusters"": 3, ""seed"": 5}",,0.9495302013422818,ok,,0.8859501978730681,ok,,0.20069421550597474,ok,,0.06488645323762053,ok,,0.8080249537700238,ok,
iris_reduced,gmm,6,False,0.016517700045369565,"{""n_clusters"": 3, ""seed"": 6}",,0.9495302013422818,ok,,0.8859501978730681,ok,,0.20069421550597474,ok,,0.06488645323762053,ok,,0.8080249537700238,ok,
iris_reduced,gmm,7,False,0.01615989999845624,"{""n_clusters"": 3, ""seed"": 7}",,0.9495302013422818,ok,,0.8859501978730681,ok,,0.20069421550597474,ok,,0.06488645323762053,ok,,0.8080249537700238,ok,
iris_reduced,gmm,8,False,0.016187600034754723,"{""n_clusters"": 3, ""seed"": 8}",,0.9495302013422818,ok,,0.8859501978730681,ok,,0.20069421550597474,ok,,0.06488645323762053,ok,,0.8080249537700238,ok,
iris_reduced,gmm,9,False,0.01679679995868355,"{""n_clusters"": 3, ""seed"": 9}",,0.9495302013422818,ok,,0.8859501978730681,ok,,0.20069421550597474,ok,,0.06488645323762053,ok,,0.8080249537700238,ok,
iris_reduced,dbscan,,True,0.0019714999943971634,"{""eps"": 0.012938699800636265, ""min_samples"": 5}","53/150 points labeled noise (-1); found 7 non-noise clusters, requested q=3 not directly comparable (DBSCAN has no cluster-count parameter)",0.716152125279642,ok,,0.2913761720987276,ok,,0.027470395169347746,ok,53 noise point(s) excluded,0.15804330917408113,ok,53 noise point(s) excluded,0.7577031563191053,ok,53 noise point(s) excluded
iris_reduced,agglomerative,,True,0.003266099956817925,"{""n_clusters"": 3, ""linkage"": ""average""}",,0.941744966442953,ok,,0.868475753865429,ok,,0.20533089892317663,ok,,0.06488645323762053,ok,,0.7982400677269011,ok,
qm9_q2,spectral,0,False,0.05981800000881776,"{""n_clusters"": 2, ""seed"": 0}",,,undefined,no ground-truth labels available (e.g. QM9),,undefined,no ground-truth labels available (e.g. QM9),13.509367116945558,ok,,0.6364774554062332,ok,,0.7299715616342999,ok,
qm9_q2,spectral,1,False,0.058438200037926435,"{""n_clusters"": 2, ""seed"": 1}",,,undefined,no ground-truth labels available (e.g. QM9),,undefined,no ground-truth labels available (e.g. QM9),13.509367116945558,ok,,0.6364774554062332,ok,,0.7299715616342999,ok,
qm9_q2,spectral,2,False,0.053868999995756894,"{""n_clusters"": 2, ""seed"": 2}",,,undefined,no ground-truth labels available (e.g. QM9),,undefined,no ground-truth labels available (e.g. QM9),13.509367116945558,ok,,0.6364774554062332,ok,,0.7299715616342999,ok,
qm9_q2,spectral,3,False,0.05375889997230843,"{""n_clusters"": 2, ""seed"": 3}",,,undefined,no ground-truth labels available (e.g. QM9),,undefined,no ground-truth labels available (e.g. QM9),13.509367116945558,ok,,0.6364774554062332,ok,,0.7299715616342999,ok,
qm9_q2,spectral,4,False,0.056835299998056144,"{""n_clusters"": 2, ""seed"": 4}",,,undefined,no ground-truth labels available (e.g. QM9),,undefined,no ground-truth labels available (e.g. QM9),13.509367116945558,ok,,0.6364774554062332,ok,,0.7299715616342999,ok,
qm9_q2,spectral,5,False,0.05795250000664964,"{""n_clusters"": 2, ""seed"": 5}",,,undefined,no ground-truth labels available (e.g. QM9),,undefined,no ground-truth labels available (e.g. QM9),13.509367116945558,ok,,0.6364774554062332,ok,,0.7299715616342999,ok,
qm9_q2,spectral,6,False,0.05554059997666627,"{""n_clusters"": 2, ""seed"": 6}",,,undefined,no ground-truth labels available (e.g. QM9),,undefined,no ground-truth labels available (e.g. QM9),13.509367116945558,ok,,0.6364774554062332,ok,,0.7299715616342999,ok,
qm9_q2,spectral,7,False,0.059217600035481155,"{""n_clusters"": 2, ""seed"": 7}",,,undefined,no ground-truth labels available (e.g. QM9),,undefined,no ground-truth labels available (e.g. QM9),13.509367116945558,ok,,0.6364774554062332,ok,,0.7299715616342999,ok,
qm9_q2,spectral,8,False,0.05832029995508492,"{""n_clusters"": 2, ""seed"": 8}",,,undefined,no ground-truth labels available (e.g. QM9),,undefined,no ground-truth labels available (e.g. QM9),13.509367116945558,ok,,0.6364774554062332,ok,,0.7299715616342999,ok,
qm9_q2,spectral,9,False,0.05456279998179525,"{""n_clusters"": 2, ""seed"": 9}",,,undefined,no ground-truth labels available (e.g. QM9),,undefined,no ground-truth labels available (e.g. QM9),13.509367116945558,ok,,0.6364774554062332,ok,,0.7299715616342999,ok,
qm9_q2,gmm,0,False,0.012478400021791458,"{""n_clusters"": 2, ""seed"": 0}",,,undefined,no ground-truth labels available (e.g. QM9),,undefined,no ground-truth labels available (e.g. QM9),13.509367116945558,ok,,0.6364774554062332,ok,,0.7299715616342999,ok,
qm9_q2,gmm,1,False,0.01213149999966845,"{""n_clusters"": 2, ""seed"": 1}",,,undefined,no ground-truth labels available (e.g. QM9),,undefined,no ground-truth labels available (e.g. QM9),13.509367116945558,ok,,0.6364774554062332,ok,,0.7299715616342999,ok,
qm9_q2,gmm,2,False,0.01140830002259463,"{""n_clusters"": 2, ""seed"": 2}",,,undefined,no ground-truth labels available (e.g. QM9),,undefined,no ground-truth labels available (e.g. QM9),13.509367116945558,ok,,0.6364774554062332,ok,,0.7299715616342999,ok,
qm9_q2,gmm,3,False,0.010626399947796017,"{""n_clusters"": 2, ""seed"": 3}",,,undefined,no ground-truth labels available (e.g. QM9),,undefined,no ground-truth labels available (e.g. QM9),13.509367116945558,ok,,0.6364774554062332,ok,,0.7299715616342999,ok,
qm9_q2,gmm,4,False,0.009450400015339255,"{""n_clusters"": 2, ""seed"": 4}",,,undefined,no ground-truth labels available (e.g. QM9),,undefined,no ground-truth labels available (e.g. QM9),13.509367116945558,ok,,0.6364774554062332,ok,,0.7299715616342999,ok,
qm9_q2,gmm,5,False,0.01129579998087138,"{""n_clusters"": 2, ""seed"": 5}",,,undefined,no ground-truth labels available (e.g. QM9),,undefined,no ground-truth labels available (e.g. QM9),13.509367116945558,ok,,0.6364774554062332,ok,,0.7299715616342999,ok,
qm9_q2,gmm,6,False,0.011861099977977574,"{""n_clusters"": 2, ""seed"": 6}",,,undefined,no ground-truth labels available (e.g. QM9),,undefined,no ground-truth labels available (e.g. QM9),13.509367116945558,ok,,0.6364774554062332,ok,,0.7299715616342999,ok,
qm9_q2,gmm,7,False,0.010572600003797561,"{""n_clusters"": 2, ""seed"": 7}",,,undefined,no ground-truth labels available (e.g. QM9),,undefined,no ground-truth labels available (e.g. QM9),19.769209985326007,ok,,0.7680610299283677,ok,,0.6836485171732408,ok,
qm9_q2,gmm,8,False,0.011791299970354885,"{""n_clusters"": 2, ""seed"": 8}",,,undefined,no ground-truth labels available (e.g. QM9),,undefined,no ground-truth labels available (e.g. QM9),13.509367116945558,ok,,0.6364774554062332,ok,,0.7299715616342999,ok,
qm9_q2,gmm,9,False,0.01164989999961108,"{""n_clusters"": 2, ""seed"": 9}",,,undefined,no ground-truth labels available (e.g. QM9),,undefined,no ground-truth labels available (e.g. QM9),19.769209985326007,ok,,0.7680610299283677,ok,,0.6836485171732408,ok,
qm9_q2,dbscan,,True,0.0019073999719694257,"{""eps"": 0.03159134614934617, ""min_samples"": 5}","37/97 points labeled noise (-1); found 7 non-noise clusters, requested q=2 not directly comparable (DBSCAN has no cluster-count parameter)",,undefined,no ground-truth labels available (e.g. QM9),,undefined,no ground-truth labels available (e.g. QM9),0.024519810776241296,ok,37 noise point(s) excluded,0.8686443116510136,ok,37 noise point(s) excluded,0.9115461723974533,ok,37 noise point(s) excluded
qm9_q2,agglomerative,,True,0.0010624999995343387,"{""n_clusters"": 2, ""linkage"": ""average""}",,,undefined,no ground-truth labels available (e.g. QM9),,undefined,no ground-truth labels available (e.g. QM9),19.769209985326007,ok,,0.7680610299283677,ok,,0.6836485171732408,ok,
qm9_q4,spectral,0,False,0.05825329996878281,"{""n_clusters"": 4, ""seed"": 0}",,,undefined,no ground-truth labels available (e.g. QM9),,undefined,no ground-truth labels available (e.g. QM9),0.8470252099653011,ok,,2.469329845240688,ok,,0.9780232347903083,ok,
qm9_q4,spectral,1,False,0.05479520000517368,"{""n_clusters"": 4, ""seed"": 1}",,,undefined,no ground-truth labels available (e.g. QM9),,undefined,no ground-truth labels available (e.g. QM9),0.8470252099653011,ok,,2.469329845240688,ok,,0.9780232347903083,ok,
qm9_q4,spectral,2,False,0.05338489997666329,"{""n_clusters"": 4, ""seed"": 2}",,,undefined,no ground-truth labels available (e.g. QM9),,undefined,no ground-truth labels available (e.g. QM9),0.8470252099653011,ok,,2.469329845240688,ok,,0.9780232347903083,ok,
qm9_q4,spectral,3,False,0.05782590003218502,"{""n_clusters"": 4, ""seed"": 3}",,,undefined,no ground-truth labels available (e.g. QM9),,undefined,no ground-truth labels available (e.g. QM9),0.8470252099653011,ok,,2.469329845240688,ok,,0.9780232347903083,ok,
qm9_q4,spectral,4,False,0.05725189996883273,"{""n_clusters"": 4, ""seed"": 4}",,,undefined,no ground-truth labels available (e.g. QM9),,undefined,no ground-truth labels available (e.g. QM9),0.8470252099653011,ok,,2.469329845240688,ok,,0.9780232347903083,ok,
qm9_q4,spectral,5,False,0.05957859999034554,"{""n_clusters"": 4, ""seed"": 5}",,,undefined,no ground-truth labels available (e.g. QM9),,undefined,no ground-truth labels available (e.g. QM9),0.8470252099653011,ok,,2.469329845240688,ok,,0.9780232347903083,ok,
qm9_q4,spectral,6,False,0.06287230004090816,"{""n_clusters"": 4, ""seed"": 6}",,,undefined,no ground-truth labels available (e.g. QM9),,undefined,no ground-truth labels available (e.g. QM9),0.8470252099653011,ok,,2.469329845240688,ok,,0.9780232347903083,ok,
qm9_q4,spectral,7,False,0.057863500027451664,"{""n_clusters"": 4, ""seed"": 7}",,,undefined,no ground-truth labels available (e.g. QM9),,undefined,no ground-truth labels available (e.g. QM9),0.8470252099653011,ok,,2.469329845240688,ok,,0.9780232347903083,ok,
qm9_q4,spectral,8,False,0.05929500004276633,"{""n_clusters"": 4, ""seed"": 8}",,,undefined,no ground-truth labels available (e.g. QM9),,undefined,no ground-truth labels available (e.g. QM9),0.8470252099653011,ok,,2.469329845240688,ok,,0.9780232347903083,ok,
qm9_q4,spectral,9,False,0.05946669995319098,"{""n_clusters"": 4, ""seed"": 9}",,,undefined,no ground-truth labels available (e.g. QM9),,undefined,no ground-truth labels available (e.g. QM9),0.8470252099653011,ok,,2.469329845240688,ok,,0.9780232347903083,ok,
qm9_q4,gmm,0,False,0.015722199983429164,"{""n_clusters"": 4, ""seed"": 0}",,,undefined,no ground-truth labels available (e.g. QM9),,undefined,no ground-truth labels available (e.g. QM9),0.8470252099653011,ok,,2.469329845240688,ok,,0.9780232347903083,ok,
qm9_q4,gmm,1,False,0.01648749999003485,"{""n_clusters"": 4, ""seed"": 1}",,,undefined,no ground-truth labels available (e.g. QM9),,undefined,no ground-truth labels available (e.g. QM9),0.8470252099653011,ok,,2.469329845240688,ok,,0.9780232347903083,ok,
qm9_q4,gmm,2,False,0.013718400034122169,"{""n_clusters"": 4, ""seed"": 2}",,,undefined,no ground-truth labels available (e.g. QM9),,undefined,no ground-truth labels available (e.g. QM9),0.8470252099653011,ok,,2.469329845240688,ok,,0.9780232347903083,ok,
qm9_q4,gmm,3,False,0.014588599966373295,"{""n_clusters"": 4, ""seed"": 3}",,,undefined,no ground-truth labels available (e.g. QM9),,undefined,no ground-truth labels available (e.g. QM9),0.8470252099653011,ok,,2.469329845240688,ok,,0.9780232347903083,ok,
qm9_q4,gmm,4,False,0.015457900008186698,"{""n_clusters"": 4, ""seed"": 4}",,,undefined,no ground-truth labels available (e.g. QM9),,undefined,no ground-truth labels available (e.g. QM9),0.8470252099653011,ok,,2.469329845240688,ok,,0.9780232347903083,ok,
qm9_q4,gmm,5,False,0.013262699998449534,"{""n_clusters"": 4, ""seed"": 5}",,,undefined,no ground-truth labels available (e.g. QM9),,undefined,no ground-truth labels available (e.g. QM9),0.8470252099653011,ok,,2.469329845240688,ok,,0.9780232347903083,ok,
qm9_q4,gmm,6,False,0.015987599967047572,"{""n_clusters"": 4, ""seed"": 6}",,,undefined,no ground-truth labels available (e.g. QM9),,undefined,no ground-truth labels available (e.g. QM9),0.8470252099653011,ok,,2.469329845240688,ok,,0.9780232347903083,ok,
qm9_q4,gmm,7,False,0.014991800009738654,"{""n_clusters"": 4, ""seed"": 7}",,,undefined,no ground-truth labels available (e.g. QM9),,undefined,no ground-truth labels available (e.g. QM9),0.8470252099653011,ok,,2.469329845240688,ok,,0.9780232347903083,ok,
qm9_q4,gmm,8,False,0.014223599981050938,"{""n_clusters"": 4, ""seed"": 8}",,,undefined,no ground-truth labels available (e.g. QM9),,undefined,no ground-truth labels available (e.g. QM9),0.8470252099653011,ok,,2.469329845240688,ok,,0.9780232347903083,ok,
qm9_q4,gmm,9,False,0.014994200028013438,"{""n_clusters"": 4, ""seed"": 9}",,,undefined,no ground-truth labels available (e.g. QM9),,undefined,no ground-truth labels available (e.g. QM9),0.8470252099653011,ok,,2.469329845240688,ok,,0.9780232347903083,ok,
qm9_q4,dbscan,,True,0.002138799987733364,"{""eps"": 0.03159134614934617, ""min_samples"": 5}","37/97 points labeled noise (-1); found 7 non-noise clusters, requested q=4 not directly comparable (DBSCAN has no cluster-count parameter)",,undefined,no ground-truth labels available (e.g. QM9),,undefined,no ground-truth labels available (e.g. QM9),0.024519810776241296,ok,37 noise point(s) excluded,0.8686443116510136,ok,37 noise point(s) excluded,0.9115461723974533,ok,37 noise point(s) excluded
qm9_q4,agglomerative,,True,0.0010865000076591969,"{""n_clusters"": 4, ""linkage"": ""average""}",,,undefined,no ground-truth labels available (e.g. QM9),,undefined,no ground-truth labels available (e.g. QM9),0.8470252099653011,ok,,2.469329845240688,ok,,0.9780232347903083,ok,
